,Audio,Computer Vision,Multimodal,NLP,Other
Audio,,0.7276096898097284,0.6782255649675503,0.6705465401909599,0.6845012733304471
Computer Vision,0.7594870944339496,,0.6917025288074009,0.6986331846802996,0.6379633119524782
Multimodal,0.6910506941143458,0.7047557628799107,,0.7253441240050524,0.6805544963319948
NLP,0.7656662239442583,0.7014089710343493,0.7656700041304623,,0.7420110954695963
Other,0.7235263853381969,0.7316709082954171,0.7163728844172009,0.7357035141698767,
