,Audio,Computer Vision,Multimodal,NLP,Other
Audio,,0.7742203848533751,0.7095386021601551,0.6158397656187063,0.6668467978690985
Computer Vision,0.6978560934404909,,0.703450475444814,0.6656091490468939,0.6445892884534851
Multimodal,0.682554334491311,0.7501749574889068,,0.6647154737577352,0.6307249328662881
NLP,0.6718588900738189,0.7769332225254918,0.7714401924590191,,0.7060785451528291
Other,0.6820271193138926,0.7096351414836212,0.6637571946135906,0.7098480201226204,
